Changes made at Sat Aug  9 05:58:18 UTC 2025
Changes made at Thu Nov 20 14:17:17 UTC 2025
Changes made at Thu Nov 20 16:20:51 UTC 2025
Changes made at Fri Nov 21 08:22:54 UTC 2025
Changes made at Fri Nov 21 10:17:25 UTC 2025
Changes made at Fri Nov 21 14:15:53 UTC 2025
Changes made at Fri Nov 21 16:20:13 UTC 2025
Changes made at Sat Nov 22 08:19:40 UTC 2025
Changes made at Sat Nov 22 10:15:35 UTC 2025
Changes made at Sat Nov 22 14:13:04 UTC 2025
Changes made at Sat Nov 22 16:17:53 UTC 2025
Changes made at Sun Nov 23 08:19:54 UTC 2025
Changes made at Sun Nov 23 10:15:17 UTC 2025
Changes made at Sun Nov 23 14:13:25 UTC 2025
